Velvet Isabelle Vargas Villalba	SINB I LOVE YOU ğŸ’ªğŸ’ªğŸ˜ŠğŸ˜˜ğŸ˜ğŸ˜
Artoriaimer	they look tired
Kaiserkoi	WoW WoW thing All visuals but my heart beat for SinB
SoYeEuYuSiUm YeojaChingu	8 38 cute eunha
QueenB24	1 22 Eunhaaa so cuteğŸ˜ğŸ˜‚
ega coto	Yerin ğŸ’ŸğŸ’ŸğŸ’ŸğŸ˜
Z Lian	ğŸ’•Godfriend â˜€ â˜€â•® ï¿£â–½ï¿£ â•­â˜€ â˜€
Hidden Buddy	why they are so beautiful ğŸ˜ğŸ˜ğŸ˜
yiingleh	SinB oppa ğŸ˜ğŸ˜ğŸ˜ğŸ˜
Aurelie L	what are they looking at
justfor x	Sowon just stand there doing nothin yet her serious face expression still look hot and amazing Her hair tho
