Samuel Alvc	Adolfera, cria uma s√©rie de modo carreira pf, gosto dms dos seus v√≠deos!
hilario freitas	Cad√™ rtd1
louco pc mega	O deus do fifa 2019 neto o goleiro na zaga
Jahva Yehudi Dias Mascarenhas	"Faz esse gol,cara!"Fera,Adolfo
LinkzeraNTC DeakGG	Adurizzzz monstrooooooooooooooooooooooooo
Gabriel Fazion	Alguem sabe qual √© a fonte da letra da thumbnail?
N√≠colas Cardoso	O Adolfz √© o √∫nico colorado que tem meu respeito!
GUSTAVO ALEXANDRE	Isso me lembrou aquele draft no fifa 16 que o Dani Alves tava de atacante
Lucas Philip	O Vas paro sozinho velho! Quem lembra desse rage ksksk
HenriqueLofs	Esse uniforme a√≠ top üëåüëå hauauauauaua
SilvisTer. FakerZ	Ela √© uma boa menina üé∂üé∂üé∂üé∂üéµ
Eduardo Santos	Na boa compra o neto em td WL Fut Champions e os krl
Leonardo Borges	√â impress√£o minha ou o Adolfo anda meio desanimado nos √∫ltimos v√≠deos, sei l√° ele me parece trist√£o.
jpsr sujo	Neto t√° chegando no n√≠vel do Xand√£o
Lucas Ramos	vim do futuro para dizer que o adolfo tirou um icon ao vencer o draft .....
Henrique Dal Alba	Sou novo aqui...  A plataforma que o Adolfo usa √© PC??
Thiagoww Gameplays	Neto √© monstro demais
Hicaro Thadeu	quem n faz toma
Gustavo massari	Ele fala B√âLERIN, √© BELER√çN
NeutronLizad0 GP	Neto > S√©rgio Ramos
Danilo Vila√ßa	Podia ter trocado o Insigne e o Coutinho. Trocar com Bale foi errado, eu acho.
Patrick Bastos	neto √© bugado kk
Arthur Barsante	Neto foi bem mas nunca ser√° igual aquele Daniel Alves Atacante
Bruno Panzini	Neto √© horr√≠vel no gol, eu tenho ele, maluco cai sentado parece que leva um tiro
nunokel	Quem √© S√©rgio Ramos perto de Neto?
Fanta de Caju	Esse balde de pipoca ta ai desde uma thumb do fifa 16 JANSSJSJSJS
Joao pedro RC	Primeiro time era BOLSONARO 17
Felipe Ferreira	Volta pro CoD Adolfera. Voc√™ vai infartar de tanta raiva que o FIFA faz a gente passar
vinicius augusto	neto na zaga, inzaghi no gol... porra, revelando talentos hein
santiago sanchez	NEEEEEEETO na bola
Xandem√¥nio	12:10???
Marlon Pugss	Nunca dei tanta risada  NETOOOOOO
Vinicius Silva	a depress√£o n√£o parece ser nada quando aparece essa notifica√ß√£o no celular
Emanuel Torres	na vida real coutinho faz gol de video game, mas no video game ele n faz gol da vida real
Jo√£o Paulo	Neto √© foda demais pqp
gui gamer	neto jogou pra caralho
Kim	Quer ser campe√£o com o uniforme do Inter? T√° for√ßando j√° kkkkkkkkk
Lucas Matos Lima	adolfo parou de dar mt rage, virou family friendly
lipe	Neto vai vira o novo Xand√£o
Jo√£o Nogueira	Ainda acho m√≥ injusto o Son com 84 somente :(
Marcelo Zoletti	s√≥ comem√≥ro com gol do neto
Kazuma Designer	Os menos esperados mirando em kkkk
Carlos g4mer21	Neto 10 e faixa kkkk
Cuan Plays	Neto Mito
Gustavo Faria	po adolfao nao ganha uma ...
Dominguenses 0	NEEEEEEEEEETOO
Killo Yaboku	So perdeu pq tirou o monstro aduriz
Fabio Ferreira	Aduriz novo Xand√£o
Vinicius Requia	Nunca ri tanto na minha vida KKKK  #VAMOVELHO haushua  Neto melhor zagueiro pqp kk
Hiago vieira Da Silva	CARALHO ADOLFERA ESTOU GOSTANDO MUITO DESSA SUA SEQU√äNCIA DE V√çDEOS CONTINUE ASSIM IRM√ÉO
Alan Fernando	#Netonovoxand√£o
mateus iai vei?	Aduriz √© o Ricardo Oliveira Espanhol
Tio Wobby	seus pipoqueiros kkkkkkkkkk
Marcos Alexandre	Quando vai ter a proxima live?
Samuel gameplays	Like adolfera
Dino Gamer	Msm v√≠deo toda vez pqp j√° enj√¥o esses drafts ae,  foi mal mas dislike
Beat	Sergio Ramos + Pique + Umtiti + Varane = Neto
Felipe Gamer	20:44 ai vc j√° desespera s√≥ pelo drible do cara kkkkk
Eren Jaeguer	Algu√©m sabe as config de c√¢mera do Adolfo?
Jo√£o Schiavo	Aduriz de cabe√ßa n tem erro, √© caixa sempre
Estrela C	Quem achou isso rid√≠culo de o advers√°rio pular o replay comenta ou da like
v i c t o r	O FIFA da umas aceleradas √†s vezes que pqp
Rafael Afonso	frequencia deliciaaaaaaa
Roger Felipe	Acolher√°
Fondeus /Fondile	aduriz o damiao do atl√©tico de bilbao
Inacio Campos	Hoje tem live???
Juliao Silvao	Kkkk Adolf enfrentou o Bolsonaro kkk
pedro valim	Melhor draft de todos com o neto na zaga
lucas silveira	serie com o neto na linha adolfao
Chorosmo #XMG	Chorolfo.
Magno Eusebio	neto o zagoleiro
Thiago Henrique	Quem viu ao vivo sabe o qu√£o foda e engra√ßado foi kkkkkkkk
Jo√£o Marcos Ribas	Te amo adolfao
Gabriel  C	N√£o que eu esteja azarando, mas eu acho mais engra√ßado quando ele perde üòÖ
Pedro Lauria	seria neto o novo xandao?
Alex Sandro M.	11:30 ainda bem que ele voltou a falar "vamo velho"
Nelson Silva	Net√£o 10 e faixa, monstro
Mk MartelloF4	O U S A D O L F O √© o nome do cara, ficou OUSADO de um tempo pra c√°, botando inzaghi no gol, Neto na ZAGA, esse √© menino ousado
mudar pra vale chapa 2	eai errombado
DESDE 1914	come√ßa o rtd1 dolfera!
YoungFaasT _	Quem lembra do Inzaghi (acho que √© assim que escreve) no gol ???? Kkkkkkkkkkkk
Furbino	Cade o rtd1 :(
Amadeu Xavier	CADE O RTD1 GORDOLFZ
Lucas Lima	"Adolfera is his name "
Edy Marcus Lima	Adolfo seu mito
Lucas Santos	N√£o imaginei q ele colocaria um goleiro na zag
Eric Grimm	ronaldo em um pack silver no meu canal
Joao Marcante	Oh namoral parem de cortar a hora q ta seleciondo as cartas fica estranho pra krl kkk
Henrique Camacho	Adolfera eu gosto muito dos v√≠deos de fut draft mais posta um adolclipes pfv
ALAN game Walker	Aldofe foda e gordinho
Tulio Duarte	Vai fazer road to glory esse n√£o adolfs?
Marlon Matheus	Pipocolfo
Quando vc estiver lendo coment√°rios eu vou estar l√°	A EA acabou com a venda de coins ?
Matheus Henrique	Que del√≠cia!
Israel Fonte	Adolfo, tu vai fazer RTD1 ?
Gabriel Freitas	*S√≥ 23 minutos? J√° sei que o* *adolf√£o perdeu*
Emanoel Brasil	Vamos pular
Juninho Ferreira	Cad√™ RTD1?
Gabriel Cacho Behnck	Tem live hj??
Jo√£o Gabriel	1 a comentar salveee
Carol Chong	*_faz draft s√≥ de brazucas ‚ù§Ô∏è_*
Henrique Farias	muito bom o v√≠deo Adolfera,seus v√≠deos s√£o sensacionais mano!!
XP games	Faz dme da Champions adolfz
Gabriel Valory	Melhor youtuber de FIFA!!!!
MrGuidmw	Tem live hj?
Eduardo Emery	primeiro a comentar
Sem Limite	Ela √© uma boa meninaaaaaa... Continuem
Lucas Prates	Foi um dos primeiros!!!!!ADOLFO √â FODA,feliz com ele por estar evoluindo...
Igor Giroto	Agora vai mita mais ainda hem üòÇüòÇüòÇüòÇ
Davi Ribeiro	Melhores jogadores kkkkkj
Kakashi MTG	1
RAFUSTO CL	Fisht
Daniel TM	Salveeee Aldolf ,Fixa?
Filipe Mendes	1
BLACK CLASH	FIRST
EDUARDO SEIDEL	primeiro
